n,pattern,algorithm,seed,comparisons,moves,heap_buffer_bytes,valid,stable_observed
1000,random,merge,159806250,8713,19952,8000,1,1
1000,random,heap,159806250,16804,27150,0,1,1
1000,random,insertion,159806250,248298,249306,0,1,1
1000,sorted,merge,2356001117,4932,19952,8000,1,1
1000,sorted,heap,2356001117,17583,29124,0,1,1
1000,sorted,insertion,2356001117,999,1998,0,1,1
1000,reverse,merge,38922180,5044,19952,8000,1,1
1000,reverse,heap,38922180,15965,24948,0,1,1
1000,reverse,insertion,38922180,499500,501498,0,1,1
1000,nearly_sorted,merge,2554670159,4936,19952,8000,1,1
1000,nearly_sorted,heap,2554670159,17579,29112,0,1,1
1000,nearly_sorted,insertion,2554670159,1009,2008,0,1,1
1000,few_unique,merge,506026742,8598,19952,8000,1,1
1000,few_unique,heap,506026742,16326,26025,0,1,0
1000,few_unique,insertion,506026742,236020,237021,0,1,1
1000,all_equal,merge,2484897657,4932,19952,8000,1,1
1000,all_equal,heap,2484897657,2994,2997,0,1,0
1000,all_equal,insertion,2484897657,999,1998,0,1,1
2000,random,merge,273915538,19380,43904,16000,1,1
2000,random,heap,273915538,37718,60399,0,1,0
2000,random,insertion,273915538,1012501,1014508,0,1,1
2000,sorted,merge,2511885541,10864,43904,16000,1,1
2000,sorted,heap,2511885541,39159,63900,0,1,1
2000,sorted,insertion,2511885541,1999,3998,0,1,1
2000,reverse,merge,461638268,11088,43904,16000,1,1
2000,reverse,heap,461638268,35964,56124,0,1,1
2000,reverse,insertion,461638268,1999000,2002998,0,1,1
2000,nearly_sorted,merge,2173747703,10873,43904,16000,1,1
2000,nearly_sorted,heap,2173747703,39193,63930,0,1,1
2000,nearly_sorted,insertion,2173747703,2019,4018,0,1,1
2000,few_unique,merge,134002510,19046,43904,16000,1,1
2000,few_unique,heap,134002510,36164,57021,0,1,0
2000,few_unique,insertion,134002510,936639,938642,0,1,1
2000,all_equal,merge,2378787521,10864,43904,16000,1,1
2000,all_equal,heap,2378787521,5994,5997,0,1,0
2000,all_equal,insertion,2378787521,1999,3998,0,1,1
4000,random,merge,603473378,42876,95808,32000,1,1
4000,random,heap,603473378,83407,132765,0,1,0
4000,random,insertion,603473378,4010162,4014167,0,1,1
4000,sorted,merge,2786299797,23728,95808,32000,1,1
4000,sorted,heap,2786299797,86576,141426,0,1,1
4000,sorted,insertion,2786299797,3999,7998,0,1,1
4000,reverse,merge,674222348,24176,95808,32000,1,1
4000,reverse,heap,674222348,80151,124308,0,1,1
4000,reverse,insertion,674222348,7998000,8005998,0,1,1
4000,nearly_sorted,merge,2990217863,23745,95808,32000,1,1
4000,nearly_sorted,heap,2990217863,86545,141186,0,1,1
4000,nearly_sorted,insertion,2990217863,4039,8038,0,1,1
4000,few_unique,merge,878144574,42136,95808,32000,1,1
4000,few_unique,heap,878144574,79854,125220,0,1,0
4000,few_unique,insertion,878144574,3791731,3795735,0,1,1
4000,all_equal,merge,3194139057,23728,95808,32000,1,1
4000,all_equal,heap,3194139057,11994,11997,0,1,0
4000,all_equal,insertion,3194139057,3999,7998,0,1,1
8000,random,merge,1152381698,93606,207616,64000,1,1
8000,random,heap,1152381698,182783,289764,0,1,0
8000,random,insertion,1152381698,16078501,16086507,0,1,1
8000,sorted,merge,3242473845,51456,207616,64000,1,1
8000,sorted,heap,3242473845,189377,307914,0,1,1
8000,sorted,insertion,3242473845,7999,15998,0,1,1
8000,reverse,merge,1333290988,52352,207616,64000,1,1
8000,reverse,heap,1333290988,176057,272328,0,1,1
8000,reverse,insertion,1333290988,31996000,32011998,0,1,1
8000,nearly_sorted,merge,3580669031,51503,207616,64000,1,1
8000,nearly_sorted,heap,3580669031,189401,307086,0,1,1
8000,nearly_sorted,insertion,3580669031,8079,16078,0,1,1
8000,few_unique,merge,1392564958,92060,207616,64000,1,1
8000,few_unique,heap,1392564958,175164,273735,0,1,0
8000,few_unique,insertion,1392564958,14790159,14798162,0,1,1
8000,all_equal,merge,3644131153,51456,207616,64000,1,1
8000,all_equal,heap,3644131153,23994,23997,0,1,0
8000,all_equal,insertion,3644131153,7999,15998,0,1,1
16000,random,merge,2315296450,203236,447232,128000,1,1
16000,random,heap,2315296450,397727,627957,0,1,0
16000,random,insertion,2315296450,64174459,64190473,0,1,1
16000,sorted,merge,267080885,110912,447232,128000,1,1
16000,sorted,heap,267080885,410921,661140,0,1,1
16000,sorted,insertion,267080885,15999,31998,0,1,1
16000,reverse,merge,2178353708,112704,447232,128000,1,1
16000,reverse,heap,2178353708,384387,593628,0,1,1
16000,reverse,insertion,2178353708,127992000,128023998,0,1,1
16000,nearly_sorted,merge,465813927,110991,447232,128000,1,1
16000,nearly_sorted,heap,465813927,410903,660498,0,1,1
16000,nearly_sorted,insertion,465813927,16159,32158,0,1,1
16000,few_unique,merge,2645538590,199319,447232,128000,1,1
16000,few_unique,heap,2645538590,379638,591456,0,1,0
16000,few_unique,insertion,2645538590,59986784,60002789,0,1,1
16000,all_equal,merge,395995793,110912,447232,128000,1,1
16000,all_equal,heap,395995793,47994,47997,0,1,0
16000,all_equal,insertion,395995793,15999,31998,0,1,1
