n,pattern,algorithm,trial,seed,elapsed_ms,valid,stable_observed
1000,random,merge,0,159806250,0.065858000,1,1
1000,random,heap,0,159806250,0.066934000,1,1
1000,random,insertion,0,159806250,0.101257000,1,1
1000,random,heap,1,3409239319,0.092555000,1,0
1000,random,insertion,1,3409239319,0.104907000,1,1
1000,random,merge,1,3409239319,0.064491000,1,1
1000,random,insertion,2,2363699024,0.099122000,1,1
1000,random,merge,2,2363699024,0.063596000,1,1
1000,random,heap,2,2363699024,0.064651000,1,1
1000,random,merge,3,1100904861,0.079717000,1,1
1000,random,heap,3,1100904861,0.068378000,1,1
1000,random,insertion,3,1100904861,0.102757000,1,1
1000,random,heap,4,55364574,0.183659000,1,1
1000,random,insertion,4,55364574,0.120639000,1,1
1000,random,merge,4,55364574,0.063835000,1,1
1000,random,insertion,5,3304789019,1.244569000,1,1
1000,random,merge,5,3304789019,0.065232000,1,1
1000,random,heap,5,3304789019,0.066155000,1,1
1000,random,merge,6,2578867780,0.064265000,1,1
1000,random,heap,6,2578867780,0.094850000,1,1
1000,random,insertion,6,2578867780,0.103120000,1,1
1000,sorted,merge,0,2356001117,0.016584000,1,1
1000,sorted,heap,0,2356001117,0.046289000,1,1
1000,sorted,insertion,0,2356001117,0.001051000,1,1
1000,sorted,heap,1,1323243360,0.041306000,1,1
1000,sorted,insertion,1,1323243360,0.001051000,1,1
1000,sorted,merge,1,1323243360,0.016338000,1,1
1000,sorted,insertion,2,151577895,0.000790000,1,1
1000,sorted,merge,2,151577895,0.016010000,1,1
1000,sorted,heap,2,151577895,0.477736000,1,1
1000,sorted,merge,3,3296048106,0.016052000,1,1
1000,sorted,heap,3,3296048106,0.045034000,1,1
1000,sorted,insertion,3,3296048106,0.001103000,1,1
1000,sorted,heap,4,2259091881,0.038327000,1,1
1000,sorted,insertion,4,2259091881,0.001098000,1,1
1000,sorted,merge,4,2259091881,0.015558000,1,1
1000,sorted,insertion,5,1091624556,0.001062000,1,1
1000,sorted,merge,5,1091624556,0.030846000,1,1
1000,sorted,heap,5,1091624556,0.033669000,1,1
1000,sorted,merge,6,475900979,0.015545000,1,1
1000,sorted,heap,6,475900979,0.030996000,1,1
1000,sorted,insertion,6,475900979,0.014969000,1,1
1000,reverse,merge,0,38922180,0.020132000,1,1
1000,reverse,heap,0,38922180,0.058318000,1,1
1000,reverse,insertion,0,38922180,0.202046000,1,1
1000,reverse,heap,1,3236121081,0.036876000,1,1
1000,reverse,insertion,1,3236121081,1.007215000,1,1
1000,reverse,merge,1,3236121081,0.020533000,1,1
1000,reverse,insertion,2,2268380094,0.273784000,1,1
1000,reverse,merge,2,2268380094,0.020096000,1,1
1000,reverse,heap,2,2268380094,0.043184000,1,1
1000,reverse,merge,3,1246358899,0.019909000,1,1
1000,reverse,heap,3,1246358899,0.036671000,1,1
1000,reverse,insertion,3,1246358899,0.190766000,1,1
1000,reverse,heap,4,144400176,0.030300000,1,1
1000,reverse,insertion,4,144400176,0.189423000,1,1
1000,reverse,merge,4,144400176,0.019843000,1,1
1000,reverse,insertion,5,3475800309,0.273383000,1,1
1000,reverse,merge,5,3475800309,0.019971000,1,1
1000,reverse,heap,5,3475800309,0.027792000,1,1
1000,reverse,merge,6,2455892650,0.019829000,1,1
1000,reverse,heap,6,2455892650,0.025253000,1,1
1000,reverse,insertion,6,2455892650,0.260533000,1,1
1000,nearly_sorted,merge,0,2554670159,0.037639000,1,1
1000,nearly_sorted,heap,0,2554670159,0.047338000,1,1
1000,nearly_sorted,insertion,0,2554670159,0.001288000,1,1
1000,nearly_sorted,heap,1,1526170226,0.902080000,1,1
1000,nearly_sorted,insertion,1,1526170226,0.001352000,1,1
1000,nearly_sorted,merge,1,1526170226,0.018250000,1,1
1000,nearly_sorted,insertion,2,488665141,0.001224000,1,1
1000,nearly_sorted,merge,2,488665141,0.017544000,1,1
1000,nearly_sorted,heap,2,488665141,0.062597000,1,1
1000,nearly_sorted,merge,3,3495765752,0.016840000,1,1
1000,nearly_sorted,heap,3,3495765752,0.072388000,1,1
1000,nearly_sorted,insertion,3,3495765752,0.001266000,1,1
1000,nearly_sorted,heap,4,2458883259,0.042924000,1,1
1000,nearly_sorted,insertion,4,2458883259,0.001208000,1,1
1000,nearly_sorted,merge,4,2458883259,0.016646000,1,1
1000,nearly_sorted,insertion,5,1429752702,0.001180000,1,1
1000,nearly_sorted,merge,5,1429752702,0.017171000,1,1
1000,nearly_sorted,heap,5,1429752702,0.040645000,1,1
1000,nearly_sorted,merge,6,141900065,0.140727000,1,1
1000,nearly_sorted,heap,6,141900065,0.456151000,1,1
1000,nearly_sorted,insertion,6,141900065,0.001442000,1,1
1000,few_unique,merge,0,506026742,0.053090000,1,1
1000,few_unique,heap,0,506026742,0.319637000,1,0
1000,few_unique,insertion,0,506026742,0.100867000,1,1
1000,few_unique,heap,1,3701208267,0.865039000,1,0
1000,few_unique,insertion,1,3701208267,0.096046000,1,1
1000,few_unique,merge,1,3701208267,0.054092000,1,1
1000,few_unique,insertion,2,2605450892,0.096972000,1,1
1000,few_unique,merge,2,2605450892,0.051063000,1,1
1000,few_unique,heap,2,2605450892,0.061225000,1,0
1000,few_unique,merge,3,1446072385,0.211661000,1,1
1000,few_unique,heap,3,1446072385,0.061314000,1,0
1000,few_unique,insertion,3,1446072385,0.100083000,1,1
1000,few_unique,heap,4,350478850,0.237169000,1,0
1000,few_unique,insertion,4,350478850,0.097827000,1,1
1000,few_unique,merge,4,350478850,0.105715000,1,1
1000,few_unique,insertion,5,3545513415,0.618539000,1,1
1000,few_unique,merge,5,3545513415,0.654844000,1,1
1000,few_unique,heap,5,3545513415,0.060749000,1,0
1000,few_unique,merge,6,2384023448,0.051182000,1,1
1000,few_unique,heap,6,2384023448,0.060991000,1,0
1000,few_unique,insertion,6,2384023448,0.094493000,1,1
1000,all_equal,merge,0,2484897657,0.017111000,1,1
1000,all_equal,heap,0,2484897657,0.003852000,1,0
1000,all_equal,insertion,0,2484897657,0.001091000,1,1
1000,all_equal,heap,1,1454254404,0.003883000,1,0
1000,all_equal,insertion,1,1454254404,0.001021000,1,1
1000,all_equal,merge,1,1454254404,0.016936000,1,1
1000,all_equal,insertion,2,293198595,0.001057000,1,1
1000,all_equal,merge,2,293198595,0.016997000,1,1
1000,all_equal,heap,2,293198595,0.004236000,1,0
1000,all_equal,merge,3,3691285966,0.016970000,1,1
1000,all_equal,heap,3,3691285966,0.004240000,1,0
1000,all_equal,insertion,3,3691285966,0.000855000,1,1
1000,all_equal,heap,4,2664841101,0.003934000,1,0
1000,all_equal,insertion,4,2664841101,0.001029000,1,1
1000,all_equal,merge,4,2664841101,0.016730000,1,1
1000,all_equal,insertion,5,1499586632,0.001047000,1,1
1000,all_equal,merge,5,1499586632,0.016734000,1,1
1000,all_equal,heap,5,1499586632,0.003617000,1,0
1000,all_equal,merge,6,70029847,0.016823000,1,1
1000,all_equal,heap,6,70029847,0.004235000,1,0
1000,all_equal,insertion,6,70029847,0.001021000,1,1
2000,random,merge,0,273915538,0.526767000,1,1
2000,random,heap,0,273915538,0.142071000,1,0
2000,random,insertion,0,273915538,0.962447000,1,1
2000,random,heap,1,3537973423,0.172791000,1,0
2000,random,insertion,1,3537973423,0.631973000,1,1
2000,random,merge,1,3537973423,0.145781000,1,1
2000,random,insertion,2,2503394024,0.406793000,1,1
2000,random,merge,2,2503394024,0.141662000,1,1
2000,random,heap,2,2503394024,0.141466000,1,0
2000,random,merge,3,1481348133,0.142633000,1,1
2000,random,heap,3,1481348133,0.202198000,1,0
2000,random,insertion,3,1481348133,0.375023000,1,1
2000,random,heap,4,446244454,0.159105000,1,1
2000,random,insertion,4,446244454,1.643277000,1,1
2000,random,merge,4,446244454,0.150532000,1,1
2000,random,insertion,5,3710843299,1.054474000,1,1
2000,random,merge,5,3710843299,0.141822000,1,1
2000,random,heap,5,3710843299,0.143381000,1,0
2000,random,merge,6,2154007548,0.140445000,1,1
2000,random,heap,6,2154007548,0.829091000,1,0
2000,random,insertion,6,2154007548,0.453371000,1,1
2000,sorted,merge,0,2511885541,0.034664000,1,1
2000,sorted,heap,0,2511885541,0.269668000,1,1
2000,sorted,insertion,0,2511885541,0.002097000,1,1
2000,sorted,heap,1,1460337368,0.104173000,1,1
2000,sorted,insertion,1,1460337368,0.002055000,1,1
2000,sorted,merge,1,1460337368,0.034173000,1,1
2000,sorted,insertion,2,282921119,0.002069000,1,1
2000,sorted,merge,2,282921119,0.034031000,1,1
2000,sorted,heap,2,282921119,0.137458000,1,1
2000,sorted,merge,3,3718274642,0.033001000,1,1
2000,sorted,heap,3,3718274642,0.099129000,1,1
2000,sorted,insertion,3,3718274642,0.002038000,1,1
2000,sorted,heap,4,2675108881,0.097964000,1,1
2000,sorted,insertion,4,2675108881,0.002070000,1,1
2000,sorted,merge,4,2675108881,0.034141000,1,1
2000,sorted,insertion,5,1489318868,0.002070000,1,1
2000,sorted,merge,5,1489318868,0.034244000,1,1
2000,sorted,heap,5,1489318868,0.096723000,1,1
2000,sorted,merge,6,92815755,0.036201000,1,1
2000,sorted,heap,6,92815755,0.096579000,1,1
2000,sorted,insertion,6,92815755,0.002069000,1,1
2000,reverse,merge,0,461638268,0.042277000,1,1
2000,reverse,heap,0,461638268,0.103386000,1,1
2000,reverse,insertion,0,461638268,0.904556000,1,1
2000,reverse,heap,1,3644236865,0.100879000,1,1
2000,reverse,insertion,1,3644236865,0.799170000,1,1
2000,reverse,merge,1,3644236865,0.368506000,1,1
2000,reverse,insertion,2,2665567750,1.084308000,1,1
2000,reverse,merge,2,2665567750,0.042366000,1,1
2000,reverse,heap,2,2665567750,0.105064000,1,1
2000,reverse,merge,3,1402732747,0.075144000,1,1
2000,reverse,heap,3,1402732747,0.101330000,1,1
2000,reverse,insertion,3,1402732747,1.009471000,1,1
2000,reverse,heap,4,290370184,0.519142000,1,1
2000,reverse,insertion,4,290370184,2.487743000,1,1
2000,reverse,merge,4,290370184,0.043489000,1,1
2000,reverse,insertion,5,3606670669,1.120257000,1,1
2000,reverse,merge,5,3606670669,0.042620000,1,1
2000,reverse,heap,5,3606670669,0.106202000,1,1
2000,reverse,merge,6,2343837458,0.041753000,1,1
2000,reverse,heap,6,2343837458,0.173684000,1,1
2000,reverse,insertion,6,2343837458,1.882642000,1,1
2000,nearly_sorted,merge,0,2173747703,0.032676000,1,1
2000,nearly_sorted,heap,0,2173747703,0.103118000,1,1
2000,nearly_sorted,insertion,0,2173747703,0.002270000,1,1
2000,nearly_sorted,heap,1,1126330314,0.107682000,1,1
2000,nearly_sorted,insertion,1,1126330314,0.002238000,1,1
2000,nearly_sorted,merge,1,1126330314,0.371292000,1,1
2000,nearly_sorted,insertion,2,83205517,0.002433000,1,1
2000,nearly_sorted,merge,2,83205517,0.034085000,1,1
2000,nearly_sorted,heap,2,83205517,0.099686000,1,1
2000,nearly_sorted,merge,3,3381185344,0.064128000,1,1
2000,nearly_sorted,heap,3,3381185344,0.099960000,1,1
2000,nearly_sorted,insertion,3,3381185344,0.002356000,1,1
2000,nearly_sorted,heap,4,2337962243,0.098898000,1,1
2000,nearly_sorted,insertion,4,2337962243,0.002243000,1,1
2000,nearly_sorted,merge,4,2337962243,0.034374000,1,1
2000,nearly_sorted,insertion,5,1290643142,0.002340000,1,1
2000,nearly_sorted,merge,5,1290643142,0.047998000,1,1
2000,nearly_sorted,heap,5,1290643142,0.098807000,1,1
2000,nearly_sorted,merge,6,295752857,0.035236000,1,1
2000,nearly_sorted,heap,6,295752857,0.096516000,1,1
2000,nearly_sorted,insertion,6,295752857,0.002254000,1,1
2000,few_unique,merge,0,134002510,0.104654000,1,1
2000,few_unique,heap,0,134002510,0.230680000,1,0
2000,few_unique,insertion,0,134002510,0.602542000,1,1
2000,few_unique,heap,1,3310229875,0.127951000,1,0
2000,few_unique,insertion,1,3310229875,0.391122000,1,1
2000,few_unique,merge,1,3310229875,0.258946000,1,1
2000,few_unique,insertion,2,2191125300,0.379705000,1,1
2000,few_unique,merge,2,2191125300,0.104378000,1,1
2000,few_unique,heap,2,2191125300,0.141263000,1,0
2000,few_unique,merge,3,1340390905,0.105014000,1,1
2000,few_unique,heap,3,1340390905,0.128153000,1,0
2000,few_unique,insertion,3,1340390905,0.388942000,1,1
2000,few_unique,heap,4,221646778,0.133355000,1,0
2000,few_unique,insertion,4,221646778,0.356009000,1,1
2000,few_unique,merge,4,221646778,0.125577000,1,1
2000,few_unique,insertion,5,3397505151,0.470138000,1,1
2000,few_unique,merge,5,3397505151,0.104056000,1,1
2000,few_unique,heap,5,3397505151,0.184860000,1,0
2000,few_unique,merge,6,2546770464,0.102923000,1,1
2000,few_unique,heap,6,2546770464,0.129933000,1,0
2000,few_unique,insertion,6,2546770464,0.674423000,1,1
2000,all_equal,merge,0,2378787521,0.034140000,1,1
2000,all_equal,heap,0,2378787521,0.007100000,1,0
2000,all_equal,insertion,0,2378787521,0.002080000,1,1
2000,all_equal,heap,1,1333511420,0.008451000,1,0
2000,all_equal,insertion,1,1333511420,0.001509000,1,1
2000,all_equal,merge,1,1333511420,0.034126000,1,1
2000,all_equal,insertion,2,145503931,0.001520000,1,1
2000,all_equal,merge,2,145503931,0.034247000,1,1
2000,all_equal,heap,2,145503931,0.008384000,1,0
2000,all_equal,merge,3,3318833270,0.034404000,1,1
2000,all_equal,heap,3,3318833270,0.008375000,1,0
2000,all_equal,insertion,3,3318833270,0.002031000,1,1
2000,all_equal,heap,4,2265174581,0.007265000,1,0
2000,all_equal,insertion,4,2265174581,0.002080000,1,1
2000,all_equal,merge,4,2265174581,0.047871000,1,1
2000,all_equal,insertion,5,1085541872,0.002080000,1,1
2000,all_equal,merge,5,1085541872,0.032825000,1,1
2000,all_equal,heap,5,1085541872,0.008423000,1,0
2000,all_equal,merge,6,502890415,0.034289000,1,1
2000,all_equal,heap,6,502890415,0.008431000,1,0
2000,all_equal,insertion,6,502890415,0.002036000,1,1
4000,random,merge,0,603473378,0.306696000,1,1
4000,random,heap,0,603473378,0.336353000,1,0
4000,random,insertion,0,603473378,1.739003000,1,1
4000,random,heap,1,3779783647,0.423953000,1,0
4000,random,insertion,1,3779783647,1.452176000,1,1
4000,random,merge,1,3779783647,0.304898000,1,1
4000,random,insertion,2,2795313560,1.804964000,1,1
4000,random,merge,2,2795313560,0.304004000,1,1
4000,random,heap,2,2795313560,0.346002000,1,0
4000,random,merge,3,1809862485,0.320681000,1,1
4000,random,heap,3,1809862485,0.309744000,1,0
4000,random,insertion,3,1809862485,1.599736000,1,1
4000,random,heap,4,691207446,0.394414000,1,0
4000,random,insertion,4,691207446,1.485953000,1,1
4000,random,merge,4,691207446,0.304032000,1,1
4000,random,insertion,5,4001702611,1.935563000,1,1
4000,random,merge,5,4001702611,0.328361000,1,1
4000,random,heap,5,4001702611,0.308848000,1,0
4000,random,merge,6,3016249484,2.345390000,1,1
4000,random,heap,6,3016249484,0.569210000,1,0
4000,random,insertion,6,3016249484,1.683801000,1,1
4000,sorted,merge,0,2786299797,0.069483000,1,1
4000,sorted,heap,0,2786299797,0.212689000,1,1
4000,sorted,insertion,0,2786299797,0.004106000,1,1
4000,sorted,heap,1,1688281512,0.237790000,1,1
4000,sorted,insertion,1,1688281512,0.004082000,1,1
4000,sorted,merge,1,1688281512,0.069753000,1,1
4000,sorted,insertion,2,594990063,0.004086000,1,1
4000,sorted,merge,2,594990063,0.283978000,1,1
4000,sorted,heap,2,594990063,0.206680000,1,1
4000,sorted,merge,3,3993732386,0.094656000,1,1
4000,sorted,heap,3,3993732386,0.280044000,1,1
4000,sorted,insertion,3,3993732386,0.004120000,1,1
4000,sorted,heap,4,2899916641,0.207087000,1,1
4000,sorted,insertion,4,2899916641,0.004070000,1,1
4000,sorted,merge,4,2899916641,0.067723000,1,1
4000,sorted,insertion,5,1802430628,0.004095000,1,1
4000,sorted,merge,5,1802430628,0.071118000,1,1
4000,sorted,heap,5,1802430628,0.233922000,1,1
4000,sorted,merge,6,908303099,0.067826000,1,1
4000,sorted,heap,6,908303099,0.205321000,1,1
4000,sorted,insertion,6,908303099,0.004104000,1,1
4000,reverse,merge,0,674222348,0.094288000,1,1
4000,reverse,heap,0,674222348,0.222296000,1,1
4000,reverse,insertion,0,674222348,5.306473000,1,1
4000,reverse,heap,1,3936190257,0.237675000,1,1
4000,reverse,insertion,1,3936190257,6.451483000,1,1
4000,reverse,merge,1,3936190257,0.090554000,1,1
4000,reverse,insertion,2,2907344246,3.456630000,1,1
4000,reverse,merge,2,2907344246,0.088463000,1,1
4000,reverse,heap,2,2907344246,0.240157000,1,1
4000,reverse,merge,3,1614273467,0.097969000,1,1
4000,reverse,heap,3,1614273467,0.244427000,1,1
4000,reverse,insertion,3,1614273467,3.646834000,1,1
4000,reverse,heap,4,585460216,0.382418000,1,1
4000,reverse,insertion,4,585460216,3.311625000,1,1
4000,reverse,merge,4,585460216,0.089816000,1,1
4000,reverse,insertion,5,3847403069,3.387532000,1,1
4000,reverse,merge,5,3847403069,0.089083000,1,1
4000,reverse,heap,5,3847403069,0.223845000,1,1
4000,reverse,merge,6,3089089634,0.089039000,1,1
4000,reverse,heap,6,3089089634,0.220767000,1,1
4000,reverse,insertion,6,3089089634,3.085595000,1,1
4000,nearly_sorted,merge,0,2990217863,0.075999000,1,1
4000,nearly_sorted,heap,0,2990217863,0.216774000,1,1
4000,nearly_sorted,insertion,0,2990217863,0.004477000,1,1
4000,nearly_sorted,heap,1,1888072890,0.235808000,1,1
4000,nearly_sorted,insertion,1,1888072890,0.004575000,1,1
4000,nearly_sorted,merge,1,1888072890,0.074943000,1,1
4000,nearly_sorted,insertion,2,928925437,0.004492000,1,1
4000,nearly_sorted,merge,2,928925437,0.077473000,1,1
4000,nearly_sorted,heap,2,928925437,0.228929000,1,1
4000,nearly_sorted,merge,3,4196601904,0.076297000,1,1
4000,nearly_sorted,heap,3,4196601904,0.211598000,1,1
4000,nearly_sorted,insertion,3,4196601904,0.004461000,1,1
4000,nearly_sorted,heap,4,3102843507,0.206097000,1,1
4000,nearly_sorted,insertion,4,3102843507,0.004449000,1,1
4000,nearly_sorted,merge,4,3102843507,0.079044000,1,1
4000,nearly_sorted,insertion,5,2135326134,0.004602000,1,1
4000,nearly_sorted,merge,5,2135326134,0.072812000,1,1
4000,nearly_sorted,heap,5,2135326134,0.204972000,1,1
4000,nearly_sorted,merge,6,571150313,0.077401000,1,1
4000,nearly_sorted,heap,6,571150313,0.203221000,1,1
4000,nearly_sorted,insertion,6,571150313,0.004451000,1,1
4000,few_unique,merge,0,878144574,0.213471000,1,1
4000,few_unique,heap,0,878144574,1.026171000,1,0
4000,few_unique,insertion,0,878144574,1.484252000,1,1
4000,few_unique,heap,1,4142252547,0.254901000,1,0
4000,few_unique,insertion,1,4142252547,1.820860000,1,1
4000,few_unique,merge,1,4142252547,0.217378000,1,1
4000,few_unique,insertion,2,2972856388,2.558890000,1,1
4000,few_unique,merge,2,2972856388,0.281156000,1,1
4000,few_unique,heap,2,2972856388,0.547714000,1,0
4000,few_unique,merge,3,2085578377,0.742038000,1,1
4000,few_unique,heap,3,2085578377,0.816803000,1,0
4000,few_unique,insertion,3,2085578377,6.241023000,1,1
4000,few_unique,heap,4,1050531018,0.284668000,1,0
4000,few_unique,insertion,4,1050531018,1.417600000,1,1
4000,few_unique,merge,4,1050531018,0.222402000,1,1
4000,few_unique,insertion,5,4180282127,1.671318000,1,1
4000,few_unique,merge,5,4180282127,0.228557000,1,1
4000,few_unique,heap,5,4180282127,0.371574000,1,0
4000,few_unique,merge,6,2758244688,0.216208000,1,1
4000,few_unique,heap,6,2758244688,0.633407000,1,0
4000,few_unique,insertion,6,2758244688,1.524990000,1,1
4000,all_equal,merge,0,3194139057,0.072715000,1,1
4000,all_equal,heap,0,3194139057,0.014847000,1,0
4000,all_equal,insertion,0,3194139057,0.002993000,1,1
4000,all_equal,heap,1,2094014348,0.016818000,1,0
4000,all_equal,insertion,1,2094014348,0.004028000,1,1
4000,all_equal,merge,1,2094014348,0.536605000,1,1
4000,all_equal,insertion,2,990375371,0.004117000,1,1
4000,all_equal,merge,2,990375371,0.068792000,1,1
4000,all_equal,heap,2,990375371,0.014928000,1,0
4000,all_equal,merge,3,4135238406,0.068835000,1,1
4000,all_equal,heap,3,4135238406,0.015461000,1,0
4000,all_equal,insertion,3,4135238406,0.004091000,1,1
4000,all_equal,heap,4,3030911301,0.015430000,1,0
4000,all_equal,insertion,4,3030911301,0.002955000,1,1
4000,all_equal,merge,4,3030911301,0.072119000,1,1
4000,all_equal,insertion,5,1931466368,0.004100000,1,1
4000,all_equal,merge,5,1931466368,0.067561000,1,1
4000,all_equal,heap,5,1931466368,0.014835000,1,0
4000,all_equal,merge,6,777168095,0.070869000,1,1
4000,all_equal,heap,6,777168095,0.013656000,1,0
4000,all_equal,insertion,6,777168095,0.004055000,1,1
8000,random,merge,0,1152381698,0.648831000,1,1
8000,random,heap,0,1152381698,0.712398000,1,0
8000,random,insertion,0,1152381698,6.018670000,1,1
8000,random,heap,1,2250071359,0.701715000,1,0
8000,random,insertion,1,2250071359,6.146765000,1,1
8000,random,merge,1,2250071359,0.753047000,1,1
8000,random,insertion,2,3251285880,7.009711000,1,1
8000,random,merge,2,3251285880,0.662752000,1,1
8000,random,heap,2,3251285880,0.701313000,1,0
8000,random,merge,3,213383605,0.688626000,1,1
8000,random,heap,3,213383605,0.875706000,1,0
8000,random,insertion,3,213383605,10.930745000,1,1
8000,random,heap,4,1315261430,0.709104000,1,0
8000,random,insertion,4,1315261430,7.537401000,1,1
8000,random,merge,4,1315261430,0.711363000,1,1
8000,random,insertion,5,2312279091,6.513917000,1,1
8000,random,merge,5,2312279091,0.692333000,1,1
8000,random,heap,5,2312279091,0.854151000,1,0
8000,random,merge,6,3567249004,1.031351000,1,1
8000,random,heap,6,3567249004,0.823988000,1,0
8000,random,insertion,6,3567249004,6.935835000,1,1
8000,sorted,merge,0,3242473845,0.496663000,1,1
8000,sorted,heap,0,3242473845,0.514405000,1,1
8000,sorted,insertion,0,3242473845,0.008148000,1,1
8000,sorted,heap,1,66492232,0.415248000,1,1
8000,sorted,insertion,1,66492232,0.008082000,1,1
8000,sorted,merge,1,66492232,0.146275000,1,1
8000,sorted,insertion,2,1143039247,0.008167000,1,1
8000,sorted,merge,2,1143039247,0.170469000,1,1
8000,sorted,heap,2,1143039247,0.807701000,1,1
8000,sorted,merge,3,2304521154,0.146606000,1,1
8000,sorted,heap,3,2304521154,0.686542000,1,1
8000,sorted,insertion,3,2304521154,0.008124000,1,1
8000,sorted,heap,4,3415114113,1.629224000,1,1
8000,sorted,insertion,4,3415114113,0.008174000,1,1
8000,sorted,merge,4,3415114113,0.143123000,1,1
8000,sorted,insertion,5,205086276,0.008171000,1,1
8000,sorted,merge,5,205086276,0.141335000,1,1
8000,sorted,heap,5,205086276,2.210948000,1,1
8000,sorted,merge,6,1366567963,0.154953000,1,1
8000,sorted,heap,6,1366567963,0.522732000,1,1
8000,sorted,insertion,6,1366567963,0.008158000,1,1
8000,reverse,merge,0,1333290988,0.269340000,1,1
8000,reverse,heap,0,1333290988,0.650233000,1,1
8000,reverse,insertion,0,1333290988,17.801630000,1,1
8000,reverse,heap,1,2378877393,0.525023000,1,1
8000,reverse,insertion,1,2378877393,13.608255000,1,1
8000,reverse,merge,1,2378877393,0.187813000,1,1
8000,reverse,insertion,2,3390913430,16.378984000,1,1
8000,reverse,merge,2,3390913430,0.187790000,1,1
8000,reverse,heap,2,3390913430,0.472924000,1,1
8000,reverse,merge,3,123759963,0.180150000,1,1
8000,reverse,heap,3,123759963,2.350533000,1,1
8000,reverse,insertion,3,123759963,21.326593000,1,1
8000,reverse,heap,4,1169350424,1.847638000,1,1
8000,reverse,insertion,4,1169350424,16.623640000,1,1
8000,reverse,merge,4,1169350424,0.210442000,1,1
8000,reverse,insertion,5,2181365981,13.886976000,1,1
8000,reverse,merge,5,2181365981,0.282909000,1,1
8000,reverse,heap,5,2181365981,0.452218000,1,1
8000,reverse,merge,6,3746067074,0.183362000,1,1
8000,reverse,heap,6,3746067074,0.563534000,1,1
8000,reverse,insertion,6,3746067074,21.277041000,1,1
8000,nearly_sorted,merge,0,3580669031,0.160927000,1,1
8000,nearly_sorted,heap,0,3580669031,0.423281000,1,1
8000,nearly_sorted,insertion,0,3580669031,0.009008000,1,1
8000,nearly_sorted,heap,1,400425562,0.440754000,1,1
8000,nearly_sorted,insertion,1,400425562,0.009024000,1,1
8000,nearly_sorted,merge,1,400425562,0.158377000,1,1
8000,nearly_sorted,insertion,2,1342828573,0.009084000,1,1
8000,nearly_sorted,merge,2,1342828573,0.158554000,1,1
8000,nearly_sorted,heap,2,1342828573,2.245259000,1,1
8000,nearly_sorted,merge,3,2641667792,0.161617000,1,1
8000,nearly_sorted,heap,3,2641667792,0.618614000,1,1
8000,nearly_sorted,insertion,3,2641667792,0.008826000,1,1
8000,nearly_sorted,heap,4,3752203411,0.835072000,1,1
8000,nearly_sorted,insertion,4,3752203411,0.009006000,1,1
8000,nearly_sorted,merge,4,3752203411,0.158550000,1,1
8000,nearly_sorted,insertion,5,403819350,0.009218000,1,1
8000,nearly_sorted,merge,5,403819350,0.179442000,1,1
8000,nearly_sorted,heap,5,403819350,0.896938000,1,1
8000,nearly_sorted,merge,6,1163704585,0.159700000,1,1
8000,nearly_sorted,heap,6,1163704585,0.456188000,1,1
8000,nearly_sorted,insertion,6,1163704585,0.009119000,1,1
8000,few_unique,merge,0,1392564958,1.084026000,1,1
8000,few_unique,heap,0,1392564958,0.603322000,1,0
8000,few_unique,insertion,0,1392564958,6.049670000,1,1
8000,few_unique,heap,1,2444391651,0.551123000,1,0
8000,few_unique,insertion,1,2444391651,9.682106000,1,1
8000,few_unique,merge,1,2444391651,1.467149000,1,1
8000,few_unique,insertion,2,3596977828,8.466157000,1,1
8000,few_unique,merge,2,3596977828,1.116535000,1,1
8000,few_unique,heap,2,3596977828,0.632212000,1,0
8000,few_unique,merge,3,454611049,1.089011000,1,1
8000,few_unique,heap,3,454611049,0.621462000,1,0
8000,few_unique,insertion,3,454611049,8.024964000,1,1
8000,few_unique,heap,4,1506435626,0.572309000,1,0
8000,few_unique,insertion,4,1506435626,8.821609000,1,1
8000,few_unique,merge,4,1506435626,0.505721000,1,1
8000,few_unique,insertion,5,2659040751,8.936105000,1,1
8000,few_unique,merge,5,2659040751,0.534930000,1,1
8000,few_unique,heap,5,2659040751,0.541853000,1,0
8000,few_unique,merge,6,3274756016,0.523280000,1,1
8000,few_unique,heap,6,3274756016,0.619436000,1,0
8000,few_unique,insertion,6,3274756016,6.756632000,1,1
8000,all_equal,merge,0,3644131153,0.429440000,1,1
8000,all_equal,heap,0,3644131153,0.361894000,1,0
8000,all_equal,insertion,0,3644131153,0.008182000,1,1
8000,all_equal,heap,1,461875564,0.029592000,1,0
8000,all_equal,insertion,1,461875564,0.008111000,1,1
8000,all_equal,merge,1,461875564,0.153948000,1,1
8000,all_equal,insertion,2,1548770091,0.008123000,1,1
8000,all_equal,merge,2,1548770091,0.151679000,1,1
8000,all_equal,heap,2,1548770091,0.029544000,1,0
8000,all_equal,merge,3,2435648998,0.146539000,1,1
8000,all_equal,heap,3,2435648998,0.736982000,1,0
8000,all_equal,insertion,3,2435648998,0.008134000,1,1
8000,all_equal,heap,4,3556753317,0.030877000,1,0
8000,all_equal,insertion,4,3556753317,0.008110000,1,1
8000,all_equal,merge,4,3556753317,0.145138000,1,1
8000,all_equal,insertion,5,340287584,0.008177000,1,1
8000,all_equal,merge,5,340287584,0.212493000,1,1
8000,all_equal,heap,5,340287584,0.029557000,1,0
8000,all_equal,merge,6,1225069119,0.156682000,1,1
8000,all_equal,heap,6,1225069119,0.033506000,1,0
8000,all_equal,insertion,6,1225069119,0.008079000,1,1
16000,random,merge,0,2315296450,1.819066000,1,1
16000,random,heap,0,2315296450,1.643159000,1,0
16000,random,insertion,0,2315296450,26.372708000,1,1
16000,random,heap,1,1219637503,1.652748000,1,0
16000,random,insertion,1,1219637503,26.296347000,1,1
16000,random,merge,1,1219637503,1.435426000,1,1
16000,random,insertion,2,258327224,26.669738000,1,1
16000,random,merge,2,258327224,1.571175000,1,1
16000,random,heap,2,258327224,1.589803000,1,0
16000,random,merge,3,3256390773,3.485781000,1,1
16000,random,heap,3,3256390773,1.746038000,1,0
16000,random,insertion,3,3256390773,26.342109000,1,1
16000,random,heap,4,2160731702,1.745579000,1,0
16000,random,insertion,4,2160731702,26.839946000,1,1
16000,random,merge,4,2160731702,1.547166000,1,1
16000,random,insertion,5,1199438323,27.544755000,1,1
16000,random,merge,5,1199438323,1.830747000,1,1
16000,random,heap,5,1199438323,2.222806000,1,0
16000,random,merge,6,439389100,3.690034000,1,1
16000,random,heap,6,439389100,1.782088000,1,0
16000,random,insertion,6,439389100,32.890446000,1,1
16000,sorted,merge,0,267080885,0.323257000,1,1
16000,sorted,heap,0,267080885,1.440307000,1,1
16000,sorted,insertion,0,267080885,0.016217000,1,1
16000,sorted,heap,1,3445226120,0.887767000,1,1
16000,sorted,insertion,1,3445226120,0.016192000,1,1
16000,sorted,merge,1,3445226120,0.502788000,1,1
16000,sorted,insertion,2,2324564175,0.016157000,1,1
16000,sorted,merge,2,2324564175,0.299012000,1,1
16000,sorted,heap,2,2324564175,1.030953000,1,1
16000,sorted,merge,3,1207131650,0.329407000,1,1
16000,sorted,heap,3,1207131650,0.880819000,1,1
16000,sorted,insertion,3,1207131650,0.016136000,1,1
16000,sorted,heap,4,86109249,0.864016000,1,1
16000,sorted,insertion,4,86109249,0.016150000,1,1
16000,sorted,merge,4,86109249,0.309213000,1,1
16000,sorted,insertion,5,3264623492,0.016149000,1,1
16000,sorted,merge,5,3264623492,0.334119000,1,1
16000,sorted,heap,5,3264623492,0.877897000,1,1
16000,sorted,merge,6,2681946587,0.401744000,1,1
16000,sorted,heap,6,2681946587,0.863174000,1,1
16000,sorted,insertion,6,2681946587,0.016158000,1,1
16000,reverse,merge,0,2178353708,0.749863000,1,1
16000,reverse,heap,0,2178353708,0.989521000,1,1
16000,reverse,insertion,0,2178353708,71.635264000,1,1
16000,reverse,heap,1,1130734609,1.492873000,1,1
16000,reverse,insertion,1,1130734609,90.651595000,1,1
16000,reverse,merge,1,1130734609,0.396250000,1,1
16000,reverse,insertion,2,78796374,79.057581000,1,1
16000,reverse,merge,2,78796374,0.592069000,1,1
16000,reverse,heap,2,78796374,1.260885000,1,1
16000,reverse,merge,3,3385786523,0.586507000,1,1
16000,reverse,heap,3,3385786523,1.383255000,1,1
16000,reverse,insertion,3,3385786523,60.606861000,1,1
16000,reverse,heap,4,2333979352,1.102871000,1,1
16000,reverse,insertion,4,2333979352,61.919680000,1,1
16000,reverse,merge,4,2333979352,0.604644000,1,1
16000,reverse,insertion,5,1286237469,69.955439000,1,1
16000,reverse,merge,5,1286237469,0.407829000,1,1
16000,reverse,heap,5,1286237469,1.055717000,1,1
16000,reverse,merge,6,300359490,0.497718000,1,1
16000,reverse,heap,6,300359490,0.939825000,1,1
16000,reverse,insertion,6,300359490,61.205107000,1,1
16000,nearly_sorted,merge,0,465813927,0.336576000,1,1
16000,nearly_sorted,heap,0,465813927,0.948696000,1,1
16000,nearly_sorted,insertion,0,465813927,0.017777000,1,1
16000,nearly_sorted,heap,1,3648090010,1.011296000,1,1
16000,nearly_sorted,insertion,1,3648090010,0.018372000,1,1
16000,nearly_sorted,merge,1,3648090010,0.364455000,1,1
16000,nearly_sorted,insertion,2,2661719517,0.017927000,1,1
16000,nearly_sorted,merge,2,2661719517,0.335504000,1,1
16000,nearly_sorted,heap,2,2661719517,0.888933000,1,1
16000,nearly_sorted,merge,3,1406913296,0.369295000,1,1
16000,nearly_sorted,heap,3,1406913296,0.978671000,1,1
16000,nearly_sorted,insertion,3,1406913296,0.017814000,1,1
16000,nearly_sorted,heap,4,285833555,0.879393000,1,1
16000,nearly_sorted,insertion,4,285833555,0.017501000,1,1
16000,nearly_sorted,merge,4,285833555,0.392295000,1,1
16000,nearly_sorted,insertion,5,3602818710,0.017686000,1,1
16000,nearly_sorted,merge,5,3602818710,0.361189000,1,1
16000,nearly_sorted,heap,5,3602818710,0.971036000,1,1
16000,nearly_sorted,merge,6,2348012745,0.356534000,1,1
16000,nearly_sorted,heap,6,2348012745,0.873307000,1,1
16000,nearly_sorted,insertion,6,2348012745,0.017750000,1,1
16000,few_unique,merge,0,2645538590,1.418584000,1,1
16000,few_unique,heap,0,2645538590,2.459825000,1,0
16000,few_unique,insertion,0,2645538590,31.399261000,1,1
16000,few_unique,heap,1,1595742499,3.305096000,1,0
16000,few_unique,insertion,1,1595742499,28.896655000,1,1
16000,few_unique,merge,1,1595742499,1.545651000,1,1
16000,few_unique,insertion,2,415951716,42.010050000,1,1
16000,few_unique,merge,2,415951716,1.198782000,1,1
16000,few_unique,heap,2,415951716,1.781580000,1,0
16000,few_unique,merge,3,3585588649,1.744590000,1,1
16000,few_unique,heap,3,3585588649,1.718298000,1,0
16000,few_unique,insertion,3,3585588649,25.906856000,1,1
16000,few_unique,heap,4,2539982826,1.127201000,1,0
16000,few_unique,insertion,4,2539982826,25.548396000,1,1
16000,few_unique,merge,4,2539982826,1.211502000,1,1
16000,few_unique,insertion,5,1355993135,25.676719000,1,1
16000,few_unique,merge,5,1355993135,0.998307000,1,1
16000,few_unique,heap,5,1355993135,1.426323000,1,0
16000,few_unique,merge,6,228565616,0.986223000,1,1
16000,few_unique,heap,6,228565616,1.593844000,1,0
16000,few_unique,insertion,6,228565616,31.802126000,1,1
16000,all_equal,merge,0,395995793,0.475761000,1,1
16000,all_equal,heap,0,395995793,0.057394000,1,0
16000,all_equal,insertion,0,395995793,0.016160000,1,1
16000,all_equal,heap,1,3576218796,0.059061000,1,0
16000,all_equal,insertion,1,3576218796,0.016162000,1,1
16000,all_equal,merge,1,3576218796,0.348216000,1,1
16000,all_equal,insertion,2,2466199275,0.016113000,1,1
16000,all_equal,merge,2,2466199275,0.347404000,1,1
16000,all_equal,heap,2,2466199275,0.244152000,1,0
16000,all_equal,merge,3,1602379814,0.414818000,1,1
16000,all_equal,heap,3,1602379814,0.200266000,1,0
16000,all_equal,insertion,3,1602379814,0.016139000,1,1
16000,all_equal,heap,4,491836005,0.054562000,1,0
16000,all_equal,insertion,4,491836005,0.016155000,1,1
16000,all_equal,merge,4,491836005,0.355336000,1,1
16000,all_equal,insertion,5,3672575392,0.016138000,1,1
16000,all_equal,merge,5,3672575392,0.334812000,1,1
16000,all_equal,heap,5,3672575392,0.066968000,1,0
16000,all_equal,merge,6,2276098047,0.308981000,1,1
16000,all_equal,heap,6,2276098047,0.058873000,1,0
16000,all_equal,insertion,6,2276098047,0.016149000,1,1
