n,pattern,algorithm,repeats,median_ms,q1_ms,q3_ms,min_ms,max_ms
1000,all_equal,heap,7,0.003934000,0.003852000,0.004236000,0.003617000,0.004240000
1000,all_equal,insertion,7,0.001029000,0.001021000,0.001057000,0.000855000,0.001091000
1000,all_equal,merge,7,0.016936000,0.016734000,0.016997000,0.016730000,0.017111000
1000,few_unique,heap,7,0.061314000,0.060991000,0.319637000,0.060749000,0.865039000
1000,few_unique,insertion,7,0.097827000,0.096046000,0.100867000,0.094493000,0.618539000
1000,few_unique,merge,7,0.054092000,0.051182000,0.211661000,0.051063000,0.654844000
1000,nearly_sorted,heap,7,0.062597000,0.042924000,0.456151000,0.040645000,0.902080000
1000,nearly_sorted,insertion,7,0.001266000,0.001208000,0.001352000,0.001180000,0.001442000
1000,nearly_sorted,merge,7,0.017544000,0.016840000,0.037639000,0.016646000,0.140727000
1000,random,heap,7,0.068378000,0.066155000,0.094850000,0.064651000,0.183659000
1000,random,insertion,7,0.103120000,0.101257000,0.120639000,0.099122000,1.244569000
1000,random,merge,7,0.064491000,0.063835000,0.065858000,0.063596000,0.079717000
1000,reverse,heap,7,0.036671000,0.027792000,0.043184000,0.025253000,0.058318000
1000,reverse,insertion,7,0.260533000,0.190766000,0.273784000,0.189423000,1.007215000
1000,reverse,merge,7,0.019971000,0.019843000,0.020132000,0.019829000,0.020533000
1000,sorted,heap,7,0.041306000,0.033669000,0.046289000,0.030996000,0.477736000
1000,sorted,insertion,7,0.001062000,0.001051000,0.001103000,0.000790000,0.014969000
1000,sorted,merge,7,0.016052000,0.015558000,0.016584000,0.015545000,0.030846000
2000,all_equal,heap,7,0.008384000,0.007265000,0.008431000,0.007100000,0.008451000
2000,all_equal,insertion,7,0.002036000,0.001520000,0.002080000,0.001509000,0.002080000
2000,all_equal,merge,7,0.034247000,0.034126000,0.034404000,0.032825000,0.047871000
2000,few_unique,heap,7,0.133355000,0.128153000,0.184860000,0.127951000,0.230680000
2000,few_unique,insertion,7,0.391122000,0.379705000,0.602542000,0.356009000,0.674423000
2000,few_unique,merge,7,0.104654000,0.104056000,0.125577000,0.102923000,0.258946000
2000,nearly_sorted,heap,7,0.099686000,0.098807000,0.103118000,0.096516000,0.107682000
2000,nearly_sorted,insertion,7,0.002270000,0.002243000,0.002356000,0.002238000,0.002433000
2000,nearly_sorted,merge,7,0.035236000,0.034085000,0.064128000,0.032676000,0.371292000
2000,random,heap,7,0.159105000,0.142071000,0.202198000,0.141466000,0.829091000
2000,random,insertion,7,0.631973000,0.406793000,1.054474000,0.375023000,1.643277000
2000,random,merge,7,0.142633000,0.141662000,0.150532000,0.140445000,0.526767000
2000,reverse,heap,7,0.105064000,0.101330000,0.173684000,0.100879000,0.519142000
2000,reverse,insertion,7,1.084308000,0.904556000,1.882642000,0.799170000,2.487743000
2000,reverse,merge,7,0.042620000,0.042277000,0.075144000,0.041753000,0.368506000
2000,sorted,heap,7,0.099129000,0.096723000,0.137458000,0.096579000,0.269668000
2000,sorted,insertion,7,0.002069000,0.002055000,0.002070000,0.002038000,0.002097000
2000,sorted,merge,7,0.034173000,0.034031000,0.034664000,0.033001000,0.036201000
4000,all_equal,heap,7,0.014928000,0.014835000,0.015461000,0.013656000,0.016818000
4000,all_equal,insertion,7,0.004055000,0.002993000,0.004100000,0.002955000,0.004117000
4000,all_equal,merge,7,0.070869000,0.068792000,0.072715000,0.067561000,0.536605000
4000,few_unique,heap,7,0.547714000,0.284668000,0.816803000,0.254901000,1.026171000
4000,few_unique,insertion,7,1.671318000,1.484252000,2.558890000,1.417600000,6.241023000
4000,few_unique,merge,7,0.222402000,0.216208000,0.281156000,0.213471000,0.742038000
4000,nearly_sorted,heap,7,0.211598000,0.204972000,0.228929000,0.203221000,0.235808000
4000,nearly_sorted,insertion,7,0.004477000,0.004451000,0.004575000,0.004449000,0.004602000
4000,nearly_sorted,merge,7,0.076297000,0.074943000,0.077473000,0.072812000,0.079044000
4000,random,heap,7,0.346002000,0.309744000,0.423953000,0.308848000,0.569210000
4000,random,insertion,7,1.683801000,1.485953000,1.804964000,1.452176000,1.935563000
4000,random,merge,7,0.306696000,0.304032000,0.328361000,0.304004000,2.345390000
4000,reverse,heap,7,0.237675000,0.222296000,0.244427000,0.220767000,0.382418000
4000,reverse,insertion,7,3.456630000,3.311625000,5.306473000,3.085595000,6.451483000
4000,reverse,merge,7,0.089816000,0.089039000,0.094288000,0.088463000,0.097969000
4000,sorted,heap,7,0.212689000,0.206680000,0.237790000,0.205321000,0.280044000
4000,sorted,insertion,7,0.004095000,0.004082000,0.004106000,0.004070000,0.004120000
4000,sorted,merge,7,0.069753000,0.067826000,0.094656000,0.067723000,0.283978000
8000,all_equal,heap,7,0.030877000,0.029557000,0.361894000,0.029544000,0.736982000
8000,all_equal,insertion,7,0.008123000,0.008110000,0.008177000,0.008079000,0.008182000
8000,all_equal,merge,7,0.153948000,0.146539000,0.212493000,0.145138000,0.429440000
8000,few_unique,heap,7,0.603322000,0.551123000,0.621462000,0.541853000,0.632212000
8000,few_unique,insertion,7,8.466157000,6.756632000,8.936105000,6.049670000,9.682106000
8000,few_unique,merge,7,1.084026000,0.523280000,1.116535000,0.505721000,1.467149000
8000,nearly_sorted,heap,7,0.618614000,0.440754000,0.896938000,0.423281000,2.245259000
8000,nearly_sorted,insertion,7,0.009024000,0.009006000,0.009119000,0.008826000,0.009218000
8000,nearly_sorted,merge,7,0.159700000,0.158550000,0.161617000,0.158377000,0.179442000
8000,random,heap,7,0.712398000,0.701715000,0.854151000,0.701313000,0.875706000
8000,random,insertion,7,6.935835000,6.146765000,7.537401000,6.018670000,10.930745000
8000,random,merge,7,0.692333000,0.662752000,0.753047000,0.648831000,1.031351000
8000,reverse,heap,7,0.563534000,0.472924000,1.847638000,0.452218000,2.350533000
8000,reverse,insertion,7,16.623640000,13.886976000,21.277041000,13.608255000,21.326593000
8000,reverse,merge,7,0.187813000,0.183362000,0.269340000,0.180150000,0.282909000
8000,sorted,heap,7,0.686542000,0.514405000,1.629224000,0.415248000,2.210948000
8000,sorted,insertion,7,0.008158000,0.008124000,0.008171000,0.008082000,0.008174000
8000,sorted,merge,7,0.146606000,0.143123000,0.170469000,0.141335000,0.496663000
16000,all_equal,heap,7,0.059061000,0.057394000,0.200266000,0.054562000,0.244152000
16000,all_equal,insertion,7,0.016149000,0.016138000,0.016160000,0.016113000,0.016162000
16000,all_equal,merge,7,0.348216000,0.334812000,0.414818000,0.308981000,0.475761000
16000,few_unique,heap,7,1.718298000,1.426323000,2.459825000,1.127201000,3.305096000
16000,few_unique,insertion,7,28.896655000,25.676719000,31.802126000,25.548396000,42.010050000
16000,few_unique,merge,7,1.211502000,0.998307000,1.545651000,0.986223000,1.744590000
16000,nearly_sorted,heap,7,0.948696000,0.879393000,0.978671000,0.873307000,1.011296000
16000,nearly_sorted,insertion,7,0.017777000,0.017686000,0.017927000,0.017501000,0.018372000
16000,nearly_sorted,merge,7,0.361189000,0.336576000,0.369295000,0.335504000,0.392295000
16000,random,heap,7,1.745579000,1.643159000,1.782088000,1.589803000,2.222806000
16000,random,insertion,7,26.669738000,26.342109000,27.544755000,26.296347000,32.890446000
16000,random,merge,7,1.819066000,1.547166000,3.485781000,1.435426000,3.690034000
16000,reverse,heap,7,1.102871000,0.989521000,1.383255000,0.939825000,1.492873000
16000,reverse,insertion,7,69.955439000,61.205107000,79.057581000,60.606861000,90.651595000
16000,reverse,merge,7,0.586507000,0.407829000,0.604644000,0.396250000,0.749863000
16000,sorted,heap,7,0.880819000,0.864016000,1.030953000,0.863174000,1.440307000
16000,sorted,insertion,7,0.016157000,0.016149000,0.016192000,0.016136000,0.016217000
16000,sorted,merge,7,0.329407000,0.309213000,0.401744000,0.299012000,0.502788000
